{
  "per_query": {
    "stem-01": {
      "keyword": 0.9224945116765986,
      "semantic": 0.6887313796279297,
      "auto": 0.9224945116765986
    },
    "stem-02": {
      "keyword": 0.7039180890341347,
      "semantic": 0.9385574520455129,
      "auto": 0.9385574520455129
    },
    "stem-03": {
      "keyword": 0.44412286644879784,
      "semantic": 1.0,
      "auto": 0.9060254355346823
    },
    "stem-04": {
      "keyword": 0.8525731222194872,
      "semantic": 0.5622910183881665,
      "auto": 0.9238850086262381
    },
    "stem-05": {
      "keyword": 0.9134015924715543,
      "semantic": 0.6787622294601761,
      "auto": 0.9134015924715543
    },
    "stem-06": {
      "keyword": 0.5517232041355402,
      "semantic": 0.39494206369720397,
      "auto": 0.5248827916050821
    },
    "stem-07": {
      "keyword": 0.38009376671593426,
      "semantic": 0.8229944305028294,
      "auto": 0.7236505918364026
    },
    "sub-01": {
      "keyword": 0.9725044904464192,
      "semantic": 0.8874941790509379,
      "auto": 1.0
    },
    "sub-02": {
      "keyword": 1.0,
      "semantic": 0.5594063406962181,
      "auto": 0.9079364505194771
    },
    "sub-03": {
      "keyword": 1.0,
      "semantic": 0.7643517529099192,
      "auto": 0.9298593499260985
    },
    "sub-04": {
      "keyword": 0.6606021509485402,
      "semantic": 0.3510428542074303,
      "auto": 0.5939462358400547
    },
    "sub-05": {
      "keyword": 0.9134015924715543,
      "semantic": 0.5069520518174072,
      "auto": 0.9134015924715543
    },
    "sub-06": {
      "keyword": 1.0,
      "semantic": 0.3856395754028458,
      "auto": 0.9530335391767842
    },
    "sub-07": {
      "keyword": 0.7055327815530771,
      "semantic": 0.7601875334318685,
      "auto": 0.7601875334318685
    },
    "sub-08": {
      "keyword": 0.9777813616305049,
      "semantic": 0.8303010754742701,
      "auto": 0.9324700085025956
    },
    "fusion-01": {
      "keyword": 0.8757412141153033,
      "semantic": 0.6606021509485402,
      "auto": 0.8838351257904502
    },
    "fusion-02": {
      "keyword": 0.6643205153564598,
      "semantic": 0.7283528197476834,
      "auto": 0.6888853050361619
    },
    "fusion-03": {
      "keyword": 0.0,
      "semantic": 0.670456515712977,
      "auto": 0.670456515712977
    },
    "distractor-01": {
      "keyword": 0.7625024946924551,
      "semantic": 0.8672899306210371,
      "auto": 0.9121109350816357
    },
    "distractor-02": {
      "keyword": 0.38009376671593426,
      "semantic": 0.7338381252682711,
      "auto": 0.6651640917528849
    },
    "distractor-03": {
      "keyword": 0.0,
      "semantic": 0.3894132989122415,
      "auto": 0.3894132989122415
    },
    "distractor-04": {
      "keyword": 0.3393978490514598,
      "semantic": 0.7905948776468635,
      "auto": 0.8212043018970803
    },
    "stem-08": {
      "keyword": 0.8654524460756203,
      "semantic": 0.840466744283681,
      "auto": 0.8654524460756203
    },
    "stem-09": {
      "keyword": 0.0,
      "semantic": 0.19004688335796713,
      "auto": 0.13539213147917573
    },
    "sub-09": {
      "keyword": 1.0,
      "semantic": 0.8949421710407071,
      "auto": 1.0
    },
    "sub-10": {
      "keyword": 0.7039180890341347,
      "semantic": 0.23463936301137822,
      "auto": 0.6462302129493455
    },
    "fusion-04": {
      "keyword": 0.0,
      "semantic": 0.8519590445170673,
      "auto": 0.8519590445170673
    },
    "distractor-05": {
      "keyword": 0.38009376671593426,
      "semantic": 0.38009376671593426,
      "auto": 0.38009376671593426
    }
  },
  "overall": {
    "keyword": 0.6417739168396229,
    "semantic": 0.6558696295891808,
    "auto": 0.7769260453423242
  },
  "fastembed_version": "0.8.0"
}
